n,case,algorithm,comparisons,median_ms
100,sorted,insertion,99,0.0010
100,sorted,merge,316,0.0020
100,sorted,heap,1081,0.0020
100,reverse,insertion,4950,0.0040
100,reverse,merge,356,0.0020
100,reverse,heap,944,0.0020
100,random,insertion,2594,0.0020
100,random,merge,547,0.0030
100,random,heap,1034,0.0020
100,duplicates,insertion,2437,0.0020
100,duplicates,merge,535,0.0030
100,duplicates,heap,998,0.0020
1000,sorted,insertion,999,0.0010
1000,sorted,merge,4932,0.0200
1000,sorted,heap,17583,0.0480
1000,reverse,insertion,499500,0.3440
1000,reverse,merge,5044,0.0230
1000,reverse,heap,15965,0.0460
1000,random,insertion,256911,0.1780
1000,random,merge,8709,0.0640
1000,random,heap,16827,0.0680
1000,duplicates,insertion,223682,0.0990
1000,duplicates,merge,8505,0.0370
1000,duplicates,heap,15584,0.0570
2000,sorted,insertion,1999,0.0020
2000,sorted,merge,10864,0.0430
2000,sorted,heap,39159,0.2020
2000,reverse,insertion,1999000,2.1810
2000,reverse,merge,11088,0.0470
2000,reverse,heap,35964,0.1510
2000,random,insertion,984459,0.7820
2000,random,merge,19409,0.1700
2000,random,heap,37693,0.1570
2000,duplicates,insertion,926523,0.7330
2000,duplicates,merge,18909,0.1050
2000,duplicates,heap,35075,0.1290
4000,sorted,insertion,3999,0.0030
4000,sorted,merge,23728,0.0980
4000,sorted,heap,86576,0.2860
4000,reverse,insertion,7998000,9.0720
4000,reverse,merge,24176,0.1580
4000,reverse,heap,80151,0.2290
4000,random,insertion,3992817,3.1180
4000,random,merge,42832,0.3850
4000,random,heap,83392,0.4020
4000,duplicates,insertion,3628132,3.4340
4000,duplicates,merge,41624,0.2450
4000,duplicates,heap,77413,0.2670
